minute,X,Y,player,shotType,result,h_team,a_team,player_assisted,xG
2,0.965,0.59,Rasmus Kristensen,Head,MissedShots,Eintracht Frankfurt,Werder Bremen,Farès Chaïbi,0.07803063839673996
2,0.985,0.47700000762939454,Jonathan Burkardt,RightFoot,ShotOnPost,Eintracht Frankfurt,Werder Bremen,Rasmus Kristensen,0.9524935483932495
4,0.874000015258789,0.655,Jean Négoce,LeftFoot,MissedShots,Eintracht Frankfurt,Werder Bremen,,0.022190775722265244
6,0.975999984741211,0.4129999923706055,Jonathan Burkardt,RightFoot,BlockedShot,Eintracht Frankfurt,Werder Bremen,Rasmus Kristensen,0.0965542197227478
16,0.924000015258789,0.43900001525878907,Ritsu Doan,Head,MissedShots,Eintracht Frankfurt,Werder Bremen,Jean Négoce,0.12101343274116516
17,0.9619999694824218,0.5929999923706055,Jonathan Burkardt,RightFoot,MissedShots,Eintracht Frankfurt,Werder Bremen,Ritsu Doan,0.38538500666618347
21,0.764000015258789,0.43099998474121093,Can Uzun,RightFoot,Goal,Eintracht Frankfurt,Werder Bremen,Hugo Larsson,0.027007564902305603
24,0.924000015258789,0.5259999847412109,Jean Négoce,Head,Goal,Eintracht Frankfurt,Werder Bremen,Can Uzun,0.36288249492645264
37,0.9130000305175782,0.64,Jean Négoce,RightFoot,BlockedShot,Eintracht Frankfurt,Werder Bremen,Rasmus Kristensen,0.07938982546329498
46,0.904000015258789,0.555,Jean Négoce,RightFoot,Goal,Eintracht Frankfurt,Werder Bremen,Can Uzun,0.48141375184059143
55,0.88,0.43,Ritsu Doan,LeftFoot,BlockedShot,Eintracht Frankfurt,Werder Bremen,Jean Négoce,0.13043002784252167
55,0.7519999694824219,0.40599998474121096,Rasmus Kristensen,LeftFoot,MissedShots,Eintracht Frankfurt,Werder Bremen,,0.01687132939696312
58,0.9080000305175782,0.3970000076293945,Jonathan Burkardt,Head,MissedShots,Eintracht Frankfurt,Werder Bremen,Ritsu Doan,0.050240110605955124
66,0.7680000305175781,0.8109999847412109,Farès Chaïbi,RightFoot,MissedShots,Eintracht Frankfurt,Werder Bremen,,0.0348612517118454
69,0.9019999694824219,0.6780000305175782,Ansgar Knauff,LeftFoot,Goal,Eintracht Frankfurt,Werder Bremen,Farès Chaïbi,0.11022617667913437
71,0.8480000305175781,0.69,Ansgar Knauff,RightFoot,BlockedShot,Eintracht Frankfurt,Werder Bremen,Sepe Elye Wahi,0.10491207242012024
88,0.85,0.36400001525878906,Ansgar Knauff,RightFoot,SavedShot,Eintracht Frankfurt,Werder Bremen,Sepe Elye Wahi,0.10979657620191574
89,0.8859999847412109,0.605,Robin Koch,Head,MissedShots,Eintracht Frankfurt,Werder Bremen,Nathaniel Brown,0.019667858257889748
1,0.87,0.7069999694824218,Can Uzun,RightFoot,BlockedShot,Hoffenheim,Eintracht Frankfurt,Farès Chaïbi,0.016646603122353554
16,0.7809999847412109,0.34200000762939453,Ritsu Doan,LeftFoot,Goal,Hoffenheim,Eintracht Frankfurt,Hugo Larsson,0.025921139866113663
26,0.955,0.4640000152587891,Ritsu Doan,LeftFoot,Goal,Hoffenheim,Eintracht Frankfurt,Jean Négoce,0.6597768068313599
43,0.8819999694824219,0.674000015258789,Jean Négoce,RightFoot,SavedShot,Hoffenheim,Eintracht Frankfurt,,0.061050426214933395
47,0.8080000305175781,0.3559999847412109,Farès Chaïbi,RightFoot,BlockedShot,Hoffenheim,Eintracht Frankfurt,Ritsu Doan,0.1353347897529602
46,0.7819999694824219,0.6869999694824219,Can Uzun,RightFoot,SavedShot,Hoffenheim,Eintracht Frankfurt,Farès Chaïbi,0.035585109144449234
50,0.9380000305175781,0.42700000762939455,Can Uzun,RightFoot,Goal,Hoffenheim,Eintracht Frankfurt,Ritsu Doan,0.5616632103919983
74,0.7730000305175782,0.2929999923706055,Rasmus Kristensen,RightFoot,SavedShot,Hoffenheim,Eintracht Frankfurt,Farès Chaïbi,0.032588835805654526
74,0.9,0.669000015258789,Ansgar Knauff,RightFoot,MissedShots,Hoffenheim,Eintracht Frankfurt,Farès Chaïbi,0.2923078238964081
1,0.9069999694824219,0.5409999847412109,Jonathan Burkardt,RightFoot,BlockedShot,Bayer Leverkusen,Eintracht Frankfurt,Arthur Theate,0.07196041941642761
35,0.7769999694824219,0.3370000076293945,Can Uzun,LeftFoot,MissedShots,Bayer Leverkusen,Eintracht Frankfurt,Jonathan Burkardt,0.022155601531267166
36,0.955,0.44400001525878907,Jonathan Burkardt,Head,MissedShots,Bayer Leverkusen,Eintracht Frankfurt,Jean Négoce,0.440489798784256
37,0.8,0.6129999923706054,Jean Négoce,LeftFoot,BlockedShot,Bayer Leverkusen,Eintracht Frankfurt,Robin Koch,0.032962556928396225
48,0.8419999694824218,0.69,Farès Chaïbi,RightFoot,MissedShots,Bayer Leverkusen,Eintracht Frankfurt,,0.029611345380544662
50,0.8980000305175782,0.40900001525878904,Robin Koch,Head,MissedShots,Bayer Leverkusen,Eintracht Frankfurt,Ritsu Doan,0.012602344155311584
51,0.845,0.5379999923706055,Can Uzun,LeftFoot,Goal,Bayer Leverkusen,Eintracht Frankfurt,,0.02585482783615589
60,0.7180000305175781,0.40700000762939453,Nnamdi Collins,RightFoot,ShotOnPost,Bayer Leverkusen,Eintracht Frankfurt,Robin Koch,0.016776444390416145
63,0.6880000305175781,0.6880000305175781,Can Uzun,RightFoot,MissedShots,Bayer Leverkusen,Eintracht Frankfurt,Robin Koch,0.006659312639385462
66,0.9569999694824218,0.5870000076293945,Jonathan Burkardt,Head,MissedShots,Bayer Leverkusen,Eintracht Frankfurt,Ritsu Doan,0.08278335630893707
76,0.6869999694824219,0.7090000152587891,Arthur Theate,LeftFoot,MissedShots,Bayer Leverkusen,Eintracht Frankfurt,Jean Négoce,0.01167178526520729
81,0.9519999694824218,0.35200000762939454,Ritsu Doan,Head,MissedShots,Bayer Leverkusen,Eintracht Frankfurt,Jean Négoce,0.012090077623724937
88,0.9590000152587891,0.825,Sepe Elye Wahi,RightFoot,SavedShot,Bayer Leverkusen,Eintracht Frankfurt,Farès Chaïbi,0.026245323941111565
6,0.795,0.6719999694824219,Nathaniel Brown,LeftFoot,SavedShot,Eintracht Frankfurt,Union Berlin,Hugo Larsson,0.026298461481928825
15,0.7709999847412109,0.28600000381469726,Farès Chaïbi,RightFoot,SavedShot,Eintracht Frankfurt,Union Berlin,Hugo Larsson,0.019058503210544586
17,0.8209999847412109,0.6769999694824219,Can Uzun,RightFoot,BlockedShot,Eintracht Frankfurt,Union Berlin,Nathaniel Brown,0.04007662832736969
18,0.7719999694824219,0.3039999961853027,Ritsu Doan,LeftFoot,BlockedShot,Eintracht Frankfurt,Union Berlin,Farès Chaïbi,0.018611127510666847
19,0.855999984741211,0.36400001525878906,Can Uzun,RightFoot,SavedShot,Eintracht Frankfurt,Union Berlin,Farès Chaïbi,0.06111602112650871
30,0.9019999694824219,0.28,Jean Négoce,RightFoot,BlockedShot,Eintracht Frankfurt,Union Berlin,Ritsu Doan,0.059746310114860535
34,0.904000015258789,0.3060000038146973,Ritsu Doan,RightFoot,SavedShot,Eintracht Frankfurt,Union Berlin,Farès Chaïbi,0.05925273522734642
42,0.9290000152587891,0.5740000152587891,Sepe Elye Wahi,LeftFoot,MissedShots,Eintracht Frankfurt,Union Berlin,Nathaniel Brown,0.11524195969104767
45,0.8809999847412109,0.40900001525878904,Jean Négoce,RightFoot,BlockedShot,Eintracht Frankfurt,Union Berlin,Can Uzun,0.1000707820057869
47,0.7909999847412109,0.63,Nathaniel Brown,RightFoot,Goal,Eintracht Frankfurt,Union Berlin,Sepe Elye Wahi,0.027203259989619255
51,0.8859999847412109,0.4540000152587891,Can Uzun,Head,MissedShots,Eintracht Frankfurt,Union Berlin,Ritsu Doan,0.06160743907094002
59,0.8819999694824219,0.4179999923706055,Hugo Larsson,RightFoot,SavedShot,Eintracht Frankfurt,Union Berlin,,0.10269736498594284
73,0.8030000305175782,0.32099998474121094,Ritsu Doan,LeftFoot,SavedShot,Eintracht Frankfurt,Union Berlin,Can Uzun,0.02408227138221264
76,0.925,0.5420000076293945,Arthur Theate,Head,SavedShot,Eintracht Frankfurt,Union Berlin,Can Uzun,0.1258833110332489
78,0.91,0.5879999923706055,Michy Batshuayi,LeftFoot,BlockedShot,Eintracht Frankfurt,Union Berlin,Ansgar Knauff,0.0616835318505764
79,0.8580000305175781,0.5679999923706055,Can Uzun,RightFoot,Goal,Eintracht Frankfurt,Union Berlin,,0.05923328548669815
86,0.885,0.5,Jonathan Burkardt,RightFoot,Goal,Eintracht Frankfurt,Union Berlin,,0.75777667760849
93,0.8430000305175781,0.48900001525878906,Robin Koch,Head,MissedShots,Eintracht Frankfurt,Union Berlin,Can Uzun,0.018840689212083817
97,0.725,0.5940000152587891,Can Uzun,RightFoot,BlockedShot,Eintracht Frankfurt,Union Berlin,Arthur Theate,0.017339888960123062
5,0.8519999694824218,0.3629999923706055,Ritsu Doan,LeftFoot,BlockedShot,Borussia M.Gladbach,Eintracht Frankfurt,Farès Chaïbi,0.06044207513332367
7,0.7369999694824219,0.38,Ritsu Doan,LeftFoot,MissedShots,Borussia M.Gladbach,Eintracht Frankfurt,Farès Chaïbi,0.017668187618255615
10,0.950999984741211,0.56,Robin Koch,Head,Goal,Borussia M.Gladbach,Eintracht Frankfurt,Farès Chaïbi,0.39218100905418396
14,0.8719999694824219,0.27600000381469725,Ritsu Doan,LeftFoot,MissedShots,Borussia M.Gladbach,Eintracht Frankfurt,Arthur Theate,0.0326443575322628
14,0.9119999694824219,0.4620000076293945,Ansgar Knauff,RightFoot,Goal,Borussia M.Gladbach,Eintracht Frankfurt,Ritsu Doan,0.49747297167778015
27,0.825,0.610999984741211,Ansgar Knauff,RightFoot,BlockedShot,Borussia M.Gladbach,Eintracht Frankfurt,Farès Chaïbi,0.07527570426464081
27,0.8280000305175781,0.47200000762939454,Ritsu Doan,RightFoot,BlockedShot,Borussia M.Gladbach,Eintracht Frankfurt,,0.04961913824081421
28,0.740999984741211,0.35200000762939454,Can Uzun,RightFoot,MissedShots,Borussia M.Gladbach,Eintracht Frankfurt,Farès Chaïbi,0.025507532060146332
33,0.7480000305175781,0.5079999923706054,Can Uzun,RightFoot,MissedShots,Borussia M.Gladbach,Eintracht Frankfurt,Ansgar Knauff,0.023101942613720894
34,0.9319999694824219,0.4490000152587891,Jonathan Burkardt,RightFoot,Goal,Borussia M.Gladbach,Eintracht Frankfurt,Can Uzun,0.625283420085907
38,0.9430000305175781,0.5459999847412109,Farès Chaïbi,LeftFoot,Goal,Borussia M.Gladbach,Eintracht Frankfurt,Ritsu Doan,0.5639052391052246
42,0.9059999847412109,0.46599998474121096,Ansgar Knauff,Head,BlockedShot,Borussia M.Gladbach,Eintracht Frankfurt,Can Uzun,0.03919891268014908
45,0.9130000305175782,0.6519999694824219,Can Uzun,RightFoot,Goal,Borussia M.Gladbach,Eintracht Frankfurt,Farès Chaïbi,0.4228039085865021
48,0.7769999694824219,0.6619999694824219,Can Uzun,RightFoot,BlockedShot,Borussia M.Gladbach,Eintracht Frankfurt,Ansgar Knauff,0.021511277183890343
46,0.9680000305175781,0.5529999923706055,Robin Koch,LeftFoot,Goal,Borussia M.Gladbach,Eintracht Frankfurt,Nathaniel Brown,0.4934893846511841
50,0.785,0.644000015258789,Can Uzun,RightFoot,MissedShots,Borussia M.Gladbach,Eintracht Frankfurt,Ansgar Knauff,0.07394278049468994
52,0.87,0.6580000305175782,Nathaniel Brown,LeftFoot,SavedShot,Borussia M.Gladbach,Eintracht Frankfurt,Can Uzun,0.08937174081802368
61,0.874000015258789,0.5379999923706055,Mario Götze,RightFoot,BlockedShot,Borussia M.Gladbach,Eintracht Frankfurt,,0.11342283338308334
67,0.9480000305175781,0.590999984741211,Jonathan Burkardt,RightFoot,BlockedShot,Borussia M.Gladbach,Eintracht Frankfurt,Nathaniel Brown,0.14577539265155792
68,0.8490000152587891,0.785,Farès Chaïbi,RightFoot,ShotOnPost,Borussia M.Gladbach,Eintracht Frankfurt,Ritsu Doan,0.018747253343462944
74,0.7880000305175782,0.505,Ansgar Knauff,RightFoot,BlockedShot,Borussia M.Gladbach,Eintracht Frankfurt,,0.027396468445658684
2,0.779000015258789,0.36200000762939455,Can Uzun,RightFoot,MissedShots,Eintracht Frankfurt,Bayern Munich,Jonathan Burkardt,0.02610088139772415
6,0.7819999694824219,0.629000015258789,Aurélio Buta,RightFoot,MissedShots,Eintracht Frankfurt,Bayern Munich,Jean Négoce,0.029344476759433746
9,0.9230000305175782,0.47400001525878904,Ritsu Doan,LeftFoot,SavedShot,Eintracht Frankfurt,Bayern Munich,,0.37070319056510925
39,0.7709999847412109,0.7080000305175781,Jean Négoce,RightFoot,MissedShots,Eintracht Frankfurt,Bayern Munich,Jonathan Burkardt,0.014395532198250294
45,0.884000015258789,0.35200000762939454,Jonathan Burkardt,RightFoot,MissedShots,Eintracht Frankfurt,Bayern Munich,Aurélio Buta,0.07674846798181534
69,0.8130000305175781,0.544000015258789,Ritsu Doan,LeftFoot,MissedShots,Eintracht Frankfurt,Bayern Munich,,0.04284508526325226
4,0.8380000305175781,0.25799999237060545,Ritsu Doan,LeftFoot,BlockedShot,Freiburg,Eintracht Frankfurt,Can Uzun,0.01880638115108013
6,0.7980000305175782,0.49599998474121093,Farès Chaïbi,RightFoot,BlockedShot,Freiburg,Eintracht Frankfurt,Jonathan Burkardt,0.041314058005809784
17,0.919000015258789,0.5870000076293945,Jonathan Burkardt,LeftFoot,Goal,Freiburg,Eintracht Frankfurt,,0.30215564370155334
33,0.865999984741211,0.44400001525878907,Jonathan Burkardt,RightFoot,SavedShot,Freiburg,Eintracht Frankfurt,,0.07660836726427078
37,0.8969999694824219,0.47400001525878904,Jonathan Burkardt,RightFoot,Goal,Freiburg,Eintracht Frankfurt,Farès Chaïbi,0.1316908746957779
73,0.9209999847412109,0.5890000152587891,Aurèle Amenda,Head,MissedShots,Freiburg,Eintracht Frankfurt,Arthur Theate,0.04961979389190674
88,0.8619999694824219,0.42700000762939455,Nathaniel Brown,RightFoot,BlockedShot,Freiburg,Eintracht Frankfurt,Jean Négoce,0.05964197218418121
91,0.8690000152587891,0.585999984741211,Nathaniel Brown,LeftFoot,MissedShots,Freiburg,Eintracht Frankfurt,Robin Koch,0.0928005799651146
7,0.9019999694824219,0.3559999847412109,Can Uzun,RightFoot,BlockedShot,Eintracht Frankfurt,St. Pauli,Jonathan Burkardt,0.08223051577806473
31,0.855999984741211,0.505,Can Uzun,RightFoot,BlockedShot,Eintracht Frankfurt,St. Pauli,Ansgar Knauff,0.09964320063591003
34,0.9730000305175781,0.51,Jonathan Burkardt,Head,Goal,Eintracht Frankfurt,St. Pauli,,0.7709391713142395
44,0.83,0.40900001525878904,Jonathan Burkardt,RightFoot,SavedShot,Eintracht Frankfurt,St. Pauli,Ansgar Knauff,0.07179038226604462
46,0.8519999694824218,0.7669999694824219,Can Uzun,RightFoot,MissedShots,Eintracht Frankfurt,St. Pauli,Nathaniel Brown,0.026169905439019203
48,0.9330000305175781,0.4809999847412109,Nathaniel Brown,LeftFoot,SavedShot,Eintracht Frankfurt,St. Pauli,Ansgar Knauff,0.5780763626098633
49,0.8219999694824218,0.72,Can Uzun,RightFoot,SavedShot,Eintracht Frankfurt,St. Pauli,Ansgar Knauff,0.021664664149284363
55,0.9309999847412109,0.5529999923706055,Jonathan Burkardt,LeftFoot,Goal,Eintracht Frankfurt,St. Pauli,Farès Chaïbi,0.3906373679637909
59,0.784000015258789,0.3890000152587891,Ritsu Doan,LeftFoot,MissedShots,Eintracht Frankfurt,St. Pauli,,0.03065894916653633
83,0.9,0.40400001525878904,Ritsu Doan,RightFoot,SavedShot,Eintracht Frankfurt,St. Pauli,Sepe Elye Wahi,0.3545108437538147
1,0.784000015258789,0.49599998474121093,Ansgar Knauff,RightFoot,BlockedShot,FC Heidenheim,Eintracht Frankfurt,Hugo Larsson,0.03717188164591789
33,0.9080000305175782,0.48,Robin Koch,Head,MissedShots,FC Heidenheim,Eintracht Frankfurt,Mario Götze,0.08144789189100266
40,0.840999984741211,0.549000015258789,Mario Götze,RightFoot,BlockedShot,FC Heidenheim,Eintracht Frankfurt,Ansgar Knauff,0.05677879601716995
47,0.6880000305175781,0.5590000152587891,Arthur Theate,LeftFoot,SavedShot,FC Heidenheim,Eintracht Frankfurt,Nathaniel Brown,0.013624198734760284
45,0.9340000152587891,0.40900001525878904,Ellyes Skhiri,Head,ShotOnPost,FC Heidenheim,Eintracht Frankfurt,Ritsu Doan,0.2566871643066406
53,0.7419999694824219,0.5559999847412109,Hugo Larsson,RightFoot,BlockedShot,FC Heidenheim,Eintracht Frankfurt,,0.01298443041741848
54,0.9230000305175782,0.45799999237060546,Rasmus Kristensen,Head,Goal,FC Heidenheim,Eintracht Frankfurt,Nathaniel Brown,0.355884850025177
62,0.740999984741211,0.37,Hugo Larsson,RightFoot,MissedShots,FC Heidenheim,Eintracht Frankfurt,Robin Koch,0.018603956326842308
68,0.9530000305175781,0.5320000076293945,Jonathan Burkardt,Head,BlockedShot,FC Heidenheim,Eintracht Frankfurt,Mario Götze,0.08676724135875702
72,0.8430000305175781,0.6,Ansgar Knauff,RightFoot,MissedShots,FC Heidenheim,Eintracht Frankfurt,Arthur Theate,0.0703565776348114
74,0.9080000305175782,0.24,Sepe Elye Wahi,RightFoot,MissedShots,FC Heidenheim,Eintracht Frankfurt,Ellyes Skhiri,0.034428272396326065
77,0.9780000305175781,0.5890000152587891,Jonathan Burkardt,LeftFoot,MissedShots,FC Heidenheim,Eintracht Frankfurt,Hugo Larsson,0.09301148355007172
83,0.909000015258789,0.549000015258789,Robin Koch,Head,MissedShots,FC Heidenheim,Eintracht Frankfurt,Mario Götze,0.024127952754497528
84,0.7919999694824219,0.6819999694824219,Jonathan Burkardt,RightFoot,BlockedShot,FC Heidenheim,Eintracht Frankfurt,Jean Négoce,0.02519317716360092
85,0.7340000152587891,0.49900001525878906,Arthur Theate,LeftFoot,SavedShot,FC Heidenheim,Eintracht Frankfurt,Hugo Larsson,0.018900208175182343
85,0.924000015258789,0.555,Robin Koch,Head,MissedShots,FC Heidenheim,Eintracht Frankfurt,Mario Götze,0.0380915068089962
28,0.7530000305175781,0.64,Mahmoud Dahoud,RightFoot,BlockedShot,Eintracht Frankfurt,Mainz 05,Ellyes Skhiri,0.018812185153365135
45,0.8419999694824218,0.6659999847412109,Jean Négoce,RightFoot,BlockedShot,Eintracht Frankfurt,Mainz 05,Nathaniel Brown,0.047083497047424316
47,0.775,0.365,Rasmus Kristensen,RightFoot,BlockedShot,Eintracht Frankfurt,Mainz 05,,0.02128540351986885
48,0.774000015258789,0.3160000038146973,Ritsu Doan,LeftFoot,BlockedShot,Eintracht Frankfurt,Mainz 05,Rasmus Kristensen,0.02331412583589554
53,0.965,0.605,Ansgar Knauff,Head,SavedShot,Eintracht Frankfurt,Mainz 05,,0.28861674666404724
55,0.8540000152587891,0.674000015258789,Ansgar Knauff,RightFoot,MissedShots,Eintracht Frankfurt,Mainz 05,Jean Négoce,0.04676537588238716
57,0.8080000305175781,0.6859999847412109,Mahmoud Dahoud,RightFoot,BlockedShot,Eintracht Frankfurt,Mainz 05,Jonathan Burkardt,0.03614244610071182
61,0.7669999694824219,0.4929999923706055,Mahmoud Dahoud,LeftFoot,MissedShots,Eintracht Frankfurt,Mainz 05,Nathaniel Brown,0.02884896658360958
69,0.7559999847412109,0.6709999847412109,Mahmoud Dahoud,RightFoot,MissedShots,Eintracht Frankfurt,Mainz 05,,0.053930651396512985
77,0.8530000305175781,0.6630000305175782,Jean Négoce,LeftFoot,MissedShots,Eintracht Frankfurt,Mainz 05,Mahmoud Dahoud,0.043425142765045166
79,0.9419999694824219,0.33599998474121096,Ritsu Doan,LeftFoot,Goal,Eintracht Frankfurt,Mainz 05,Nnamdi Collins,0.37910133600234985
85,0.9290000152587891,0.635,Sepe Elye Wahi,LeftFoot,SavedShot,Eintracht Frankfurt,Mainz 05,Mario Götze,0.38635486364364624
86,0.9180000305175782,0.40599998474121096,Sepe Elye Wahi,Head,SavedShot,Eintracht Frankfurt,Mainz 05,Nathaniel Brown,0.09674398601055145
93,0.9730000305175781,0.3679999923706055,Sepe Elye Wahi,RightFoot,MissedShots,Eintracht Frankfurt,Mainz 05,Ritsu Doan,0.3081149458885193
1,0.9109999847412109,0.4929999923706055,Jonathan Burkardt,RightFoot,SavedShot,FC Cologne,Eintracht Frankfurt,Ansgar Knauff,0.34711602330207825
29,0.9019999694824219,0.4909999847412109,Jonathan Burkardt,Head,SavedShot,FC Cologne,Eintracht Frankfurt,Ansgar Knauff,0.09851682931184769
37,0.7969999694824219,0.3060000038146973,Ritsu Doan,LeftFoot,BlockedShot,FC Cologne,Eintracht Frankfurt,Mahmoud Dahoud,0.025951160117983818
38,0.9480000305175781,0.600999984741211,Arthur Theate,Head,Goal,FC Cologne,Eintracht Frankfurt,Farès Chaïbi,0.05724510923027992
50,0.875,0.535,Farès Chaïbi,RightFoot,SavedShot,FC Cologne,Eintracht Frankfurt,Mario Götze,0.37744948267936707
50,0.8440000152587891,0.5470000076293945,Mahmoud Dahoud,LeftFoot,Goal,FC Cologne,Eintracht Frankfurt,,0.065702885389328
54,0.9480000305175781,0.44400001525878907,Mahmoud Dahoud,Head,MissedShots,FC Cologne,Eintracht Frankfurt,Farès Chaïbi,0.06389660388231277
58,0.960999984741211,0.47200000762939454,Jonathan Burkardt,LeftFoot,Goal,FC Cologne,Eintracht Frankfurt,Ritsu Doan,0.6772122979164124
62,0.8919999694824219,0.485,Jonathan Burkardt,RightFoot,Goal,FC Cologne,Eintracht Frankfurt,Ansgar Knauff,0.5917300581932068
79,0.9030000305175782,0.7180000305175781,Sepe Elye Wahi,RightFoot,BlockedShot,FC Cologne,Eintracht Frankfurt,Nathaniel Brown,0.06557843089103699
88,0.885,0.27100000381469724,Farès Chaïbi,RightFoot,MissedShots,FC Cologne,Eintracht Frankfurt,Ellyes Skhiri,0.09946390241384506
1,0.9180000305175782,0.28700000762939454,Farès Chaïbi,RightFoot,BlockedShot,Eintracht Frankfurt,Wolfsburg,Ritsu Doan,0.04521537572145462
6,0.8159999847412109,0.2929999923706055,Ritsu Doan,LeftFoot,MissedShots,Eintracht Frankfurt,Wolfsburg,Rasmus Kristensen,0.02697909064590931
11,0.8830000305175781,0.590999984741211,Mario Götze,RightFoot,MissedShots,Eintracht Frankfurt,Wolfsburg,Jean Négoce,0.10424846410751343
18,0.7569999694824219,0.5070000076293946,Ellyes Skhiri,LeftFoot,MissedShots,Eintracht Frankfurt,Wolfsburg,,0.021864760667085648
31,0.9569999694824218,0.24600000381469728,Rasmus Kristensen,RightFoot,SavedShot,Eintracht Frankfurt,Wolfsburg,Ritsu Doan,0.03229636326432228
37,0.8080000305175781,0.53,Nathaniel Brown,RightFoot,BlockedShot,Eintracht Frankfurt,Wolfsburg,Jean Négoce,0.062204379588365555
41,0.93,0.4379999923706055,Arthur Theate,LeftFoot,BlockedShot,Eintracht Frankfurt,Wolfsburg,,0.2658291757106781
46,0.7519999694824219,0.72,Farès Chaïbi,RightFoot,BlockedShot,Eintracht Frankfurt,Wolfsburg,,0.04389994964003563
46,0.7819999694824219,0.37799999237060544,Rasmus Kristensen,RightFoot,MissedShots,Eintracht Frankfurt,Wolfsburg,Ansgar Knauff,0.02354663982987404
63,0.77,0.3120000076293945,Ritsu Doan,LeftFoot,BlockedShot,Eintracht Frankfurt,Wolfsburg,,0.05776404216885567
75,0.9540000152587891,0.6029999923706054,Rasmus Kristensen,Head,BlockedShot,Eintracht Frankfurt,Wolfsburg,Farès Chaïbi,0.05485766381025314
78,0.799000015258789,0.6029999923706054,Michy Batshuayi,LeftFoot,BlockedShot,Eintracht Frankfurt,Wolfsburg,Ansgar Knauff,0.030836336314678192
85,0.7469999694824219,0.43,Mahmoud Dahoud,RightFoot,BlockedShot,Eintracht Frankfurt,Wolfsburg,Arthur Theate,0.022839324548840523
95,0.885,0.5,Michy Batshuayi,RightFoot,Goal,Eintracht Frankfurt,Wolfsburg,,0.75777667760849
97,0.9109999847412109,0.4620000076293945,Ritsu Doan,LeftFoot,MissedShots,Eintracht Frankfurt,Wolfsburg,Michy Batshuayi,0.11035512387752533
0,0.865,0.625999984741211,Farès Chaïbi,LeftFoot,SavedShot,RasenBallsport Leipzig,Eintracht Frankfurt,Michy Batshuayi,0.07572650164365768
19,0.8809999847412109,0.42900001525878906,Ritsu Doan,LeftFoot,BlockedShot,RasenBallsport Leipzig,Eintracht Frankfurt,Rasmus Kristensen,0.0962691679596901
21,0.955999984741211,0.44299999237060544,Michy Batshuayi,LeftFoot,MissedShots,RasenBallsport Leipzig,Eintracht Frankfurt,Farès Chaïbi,0.10731980949640274
30,0.875999984741211,0.6830000305175781,Michy Batshuayi,RightFoot,BlockedShot,RasenBallsport Leipzig,Eintracht Frankfurt,Nathaniel Brown,0.056923046708106995
30,0.759000015258789,0.53,Mahmoud Dahoud,RightFoot,ShotOnPost,RasenBallsport Leipzig,Eintracht Frankfurt,Ritsu Doan,0.020531175658106804
41,0.8719999694824219,0.39,Farès Chaïbi,LeftFoot,BlockedShot,RasenBallsport Leipzig,Eintracht Frankfurt,,0.06739407777786255
50,0.8,0.69,Jean Négoce,LeftFoot,SavedShot,RasenBallsport Leipzig,Eintracht Frankfurt,Farès Chaïbi,0.023693537339568138
87,0.9469999694824218,0.35400001525878905,Farès Chaïbi,Head,BlockedShot,RasenBallsport Leipzig,Eintracht Frankfurt,,0.025431295856833458
9,0.9109999847412109,0.33599998474121096,Ansgar Knauff,RightFoot,SavedShot,Eintracht Frankfurt,Augsburg,,0.07042098790407181
20,0.899000015258789,0.34599998474121096,Ansgar Knauff,RightFoot,BlockedShot,Eintracht Frankfurt,Augsburg,Ritsu Doan,0.07811088860034943
20,0.8809999847412109,0.40299999237060546,Rasmus Kristensen,RightFoot,BlockedShot,Eintracht Frankfurt,Augsburg,Ritsu Doan,0.08424472063779831
20,0.9109999847412109,0.3110000038146973,Ansgar Knauff,RightFoot,SavedShot,Eintracht Frankfurt,Augsburg,,0.04948665201663971
20,0.9109999847412109,0.529000015258789,Arthur Theate,LeftFoot,MissedShots,Eintracht Frankfurt,Augsburg,,0.43277204036712646
47,0.75,0.590999984741211,Mahmoud Dahoud,RightFoot,MissedShots,Eintracht Frankfurt,Augsburg,Robin Koch,0.023377791047096252
47,0.8969999694824219,0.6,Rasmus Kristensen,Head,MissedShots,Eintracht Frankfurt,Augsburg,Ritsu Doan,0.11943810433149338
67,0.8530000305175781,0.40299999237060546,Ritsu Doan,LeftFoot,Goal,Eintracht Frankfurt,Augsburg,Oscar Højlund,0.10839155316352844
69,0.9,0.68,Ritsu Doan,LeftFoot,MissedShots,Eintracht Frankfurt,Augsburg,Ansgar Knauff,0.3920941948890686
71,0.9,0.3559999847412109,Can Uzun,RightFoot,BlockedShot,Eintracht Frankfurt,Augsburg,Ansgar Knauff,0.11651334911584854
72,0.8930000305175781,0.395,Ansgar Knauff,RightFoot,SavedShot,Eintracht Frankfurt,Augsburg,,0.10562913119792938
25,0.9209999847412109,0.4859999847412109,Hugo Larsson,RightFoot,Goal,Hamburger SV,Eintracht Frankfurt,Nathaniel Brown,0.4825340807437897
46,0.7419999694824219,0.7290000152587891,Mahmoud Dahoud,RightFoot,BlockedShot,Hamburger SV,Eintracht Frankfurt,,0.03931326046586037
56,0.8540000152587891,0.4590000152587891,Hugo Larsson,LeftFoot,BlockedShot,Hamburger SV,Eintracht Frankfurt,Oscar Højlund,0.08297412842512131
58,0.9530000305175781,0.57,Ansgar Knauff,RightFoot,SavedShot,Hamburger SV,Eintracht Frankfurt,,0.10921847075223923
72,0.94,0.759000015258789,Ansgar Knauff,RightFoot,BlockedShot,Hamburger SV,Eintracht Frankfurt,Ritsu Doan,0.029925229027867317
73,0.7290000152587891,0.7619999694824219,Mahmoud Dahoud,RightFoot,MissedShots,Hamburger SV,Eintracht Frankfurt,Nathaniel Brown,0.011076896451413631
76,0.950999984741211,0.4640000152587891,Mahmoud Dahoud,RightFoot,BlockedShot,Hamburger SV,Eintracht Frankfurt,Can Uzun,0.14902083575725555
76,0.975,0.515,Nathaniel Brown,RightFoot,BlockedShot,Hamburger SV,Eintracht Frankfurt,,0.19816048443317413
96,0.8490000152587891,0.47099998474121096,Robin Koch,Head,MissedShots,Hamburger SV,Eintracht Frankfurt,Nnamdi Collins,0.01867416501045227
0,0.8,0.47400001525878904,Can Uzun,RightFoot,BlockedShot,Eintracht Frankfurt,Borussia Dortmund,Nathaniel Brown,0.04791659489274025
16,0.8369999694824218,0.33599998474121096,Can Uzun,LeftFoot,SavedShot,Eintracht Frankfurt,Borussia Dortmund,Rasmus Kristensen,0.045868080109357834
17,0.9209999847412109,0.6930000305175781,Ansgar Knauff,RightFoot,SavedShot,Eintracht Frankfurt,Borussia Dortmund,,0.04893936216831207
21,0.885,0.5,Can Uzun,RightFoot,Goal,Eintracht Frankfurt,Borussia Dortmund,,0.75777667760849
41,0.9430000305175781,0.6969999694824218,Younes Ebnoutalib,LeftFoot,MissedShots,Eintracht Frankfurt,Borussia Dortmund,Can Uzun,0.051474280655384064
46,0.87,0.4809999847412109,Younes Ebnoutalib,Head,MissedShots,Eintracht Frankfurt,Borussia Dortmund,Hugo Larsson,0.039899397641420364
48,0.8530000305175781,0.5890000152587891,Ansgar Knauff,RightFoot,BlockedShot,Eintracht Frankfurt,Borussia Dortmund,Younes Ebnoutalib,0.082718126475811
53,0.9159999847412109,0.30100000381469727,Ansgar Knauff,RightFoot,SavedShot,Eintracht Frankfurt,Borussia Dortmund,,0.05796419456601143
55,0.8430000305175781,0.624000015258789,Ansgar Knauff,RightFoot,MissedShots,Eintracht Frankfurt,Borussia Dortmund,Younes Ebnoutalib,0.0621214285492897
70,0.8590000152587891,0.5309999847412109,Younes Ebnoutalib,RightFoot,Goal,Eintracht Frankfurt,Borussia Dortmund,Arnaud Kalimuendo Muinga,0.34979209303855896
85,0.9269999694824219,0.32099998474121094,Arnaud Kalimuendo Muinga,RightFoot,BlockedShot,Eintracht Frankfurt,Borussia Dortmund,Rasmus Kristensen,0.05928042531013489
91,0.8680000305175781,0.6580000305175782,Mahmoud Dahoud,LeftFoot,Goal,Eintracht Frankfurt,Borussia Dortmund,,0.06051431596279144
4,0.950999984741211,0.40700000762939453,Rasmus Kristensen,Head,Goal,VfB Stuttgart,Eintracht Frankfurt,Ritsu Doan,0.07112015038728714
25,0.850999984741211,0.585999984741211,Ellyes Skhiri,LeftFoot,BlockedShot,VfB Stuttgart,Eintracht Frankfurt,Jean Négoce,0.09574364125728607
50,0.9,0.7169999694824218,Ritsu Doan,LeftFoot,SavedShot,VfB Stuttgart,Eintracht Frankfurt,Ellyes Skhiri,0.04488810896873474
57,0.855,0.3039999961853027,Ansgar Knauff,RightFoot,ShotOnPost,VfB Stuttgart,Eintracht Frankfurt,,0.03656327351927757
63,0.7809999847412109,0.7330000305175781,Arthur Theate,LeftFoot,MissedShots,VfB Stuttgart,Eintracht Frankfurt,Jean Négoce,0.016703322529792786
71,0.765,0.3039999961853027,Arnaud Kalimuendo Muinga,RightFoot,MissedShots,VfB Stuttgart,Eintracht Frankfurt,Mario Götze,0.01555030606687069
79,0.8619999694824219,0.3240000152587891,Ayoube Amaimouni-Echghouyab,LeftFoot,Goal,VfB Stuttgart,Eintracht Frankfurt,Mahmoud Dahoud,0.044722821563482285
81,0.8030000305175782,0.6609999847412109,Rasmus Kristensen,RightFoot,MissedShots,VfB Stuttgart,Eintracht Frankfurt,Arthur Theate,0.029994100332260132
84,0.8590000152587891,0.7019999694824218,Arnaud Kalimuendo Muinga,RightFoot,BlockedShot,VfB Stuttgart,Eintracht Frankfurt,Arthur Theate,0.06616216152906418
88,0.889000015258789,0.7290000152587891,Arnaud Kalimuendo Muinga,RightFoot,SavedShot,VfB Stuttgart,Eintracht Frankfurt,Arthur Theate,0.03737476095557213
88,0.9459999847412109,0.5940000152587891,Arnaud Kalimuendo Muinga,LeftFoot,SavedShot,VfB Stuttgart,Eintracht Frankfurt,Jean Négoce,0.386771023273468
94,0.7440000152587891,0.34700000762939454,Arthur Theate,LeftFoot,BlockedShot,VfB Stuttgart,Eintracht Frankfurt,,0.05087399482727051
0,0.93,0.5509999847412109,Arnaud Kalimuendo Muinga,RightFoot,Goal,Werder Bremen,Eintracht Frankfurt,Nathaniel Brown,0.4379970133304596
23,0.9280000305175782,0.565,Ellyes Skhiri,Head,MissedShots,Werder Bremen,Eintracht Frankfurt,Ritsu Doan,0.08664567768573761
50,0.9080000305175782,0.28,Ritsu Doan,RightFoot,SavedShot,Werder Bremen,Eintracht Frankfurt,Mahmoud Dahoud,0.042038775980472565
55,0.9119999694824219,0.595999984741211,Ellyes Skhiri,RightFoot,MissedShots,Werder Bremen,Eintracht Frankfurt,,0.05554724857211113
55,0.914000015258789,0.4209999847412109,Nnamdi Collins,RightFoot,Goal,Werder Bremen,Eintracht Frankfurt,Farès Chaïbi,0.3125290274620056
75,0.8919999694824219,0.26799999237060546,Farès Chaïbi,RightFoot,MissedShots,Werder Bremen,Eintracht Frankfurt,Can Uzun,0.17321111261844635
87,0.7669999694824219,0.5379999923706055,Oscar Højlund,RightFoot,BlockedShot,Werder Bremen,Eintracht Frankfurt,Nathaniel Brown,0.028617074713110924
93,0.8809999847412109,0.42900001525878906,Ansgar Knauff,RightFoot,Goal,Werder Bremen,Eintracht Frankfurt,Ayoube Amaimouni-Echghouyab,0.07113856822252274
4,0.9640000152587891,0.34,Arnaud Kalimuendo Muinga,RightFoot,SavedShot,Eintracht Frankfurt,Hoffenheim,Ritsu Doan,0.3190256953239441
17,0.9059999847412109,0.6480000305175782,Arnaud Kalimuendo Muinga,LeftFoot,Goal,Eintracht Frankfurt,Hoffenheim,,0.10615698248147964
23,0.8269999694824218,0.47,Can Uzun,Head,BlockedShot,Eintracht Frankfurt,Hoffenheim,Ritsu Doan,0.00876646675169468
47,0.7969999694824219,0.4379999923706055,Farès Chaïbi,LeftFoot,SavedShot,Eintracht Frankfurt,Hoffenheim,,0.028932681307196617
50,0.9169999694824219,0.65,Arnaud Kalimuendo Muinga,RightFoot,BlockedShot,Eintracht Frankfurt,Hoffenheim,Nathaniel Brown,0.10182003676891327
63,0.7669999694824219,0.40099998474121096,Hugo Larsson,RightFoot,MissedShots,Eintracht Frankfurt,Hoffenheim,Nathaniel Brown,0.03355637937784195
64,0.02700000047683716,0.67,Aurèle Amenda,LeftFoot,OwnGoal,Eintracht Frankfurt,Hoffenheim,,0
66,0.9019999694824219,0.3970000076293945,Rasmus Kristensen,RightFoot,MissedShots,Eintracht Frankfurt,Hoffenheim,Arnaud Kalimuendo Muinga,0.1009606122970581
72,0.9280000305175782,0.43599998474121093,Jean Négoce,Head,MissedShots,Eintracht Frankfurt,Hoffenheim,Ritsu Doan,0.08765218406915665
90,0.735,0.3160000038146973,Ritsu Doan,LeftFoot,MissedShots,Eintracht Frankfurt,Hoffenheim,,0.04278707131743431
31,0.865999984741211,0.30100000381469727,Rasmus Kristensen,RightFoot,SavedShot,Eintracht Frankfurt,Bayer Leverkusen,,0.08311248570680618
36,0.855999984741211,0.3089999961853027,Arnaud Kalimuendo Muinga,LeftFoot,BlockedShot,Eintracht Frankfurt,Bayer Leverkusen,Ellyes Skhiri,0.0444018580019474
37,0.745999984741211,0.435,Nathaniel Brown,LeftFoot,MissedShots,Eintracht Frankfurt,Bayer Leverkusen,,0.013600521720945835
49,0.9580000305175781,0.45599998474121095,Aurèle Amenda,Head,MissedShots,Eintracht Frankfurt,Bayer Leverkusen,Ritsu Doan,0.32491087913513184
49,0.9130000305175782,0.47900001525878905,Robin Koch,RightFoot,SavedShot,Eintracht Frankfurt,Bayer Leverkusen,Aurèle Amenda,0.08957750350236893
49,0.9330000305175781,0.46599998474121096,Robin Koch,RightFoot,Goal,Eintracht Frankfurt,Bayer Leverkusen,,0.5297710299491882
50,0.8959999847412109,0.47900001525878905,Nathaniel Brown,RightFoot,BlockedShot,Eintracht Frankfurt,Bayer Leverkusen,Mario Götze,0.11607035994529724
64,0.8780000305175781,0.3290000152587891,Arnaud Kalimuendo Muinga,LeftFoot,BlockedShot,Eintracht Frankfurt,Bayer Leverkusen,Oscar Højlund,0.06047064810991287
66,0.705999984741211,0.515,Arthur Theate,LeftFoot,MissedShots,Eintracht Frankfurt,Bayer Leverkusen,,0.012885854579508305
86,0.905,0.6859999847412109,Ayoube Amaimouni-Echghouyab,LeftFoot,SavedShot,Eintracht Frankfurt,Bayer Leverkusen,Arthur Theate,0.033278290182352066
88,0.9259999847412109,0.49700000762939456,Aurèle Amenda,Head,MissedShots,Eintracht Frankfurt,Bayer Leverkusen,Ayoube Amaimouni-Echghouyab,0.05787071958184242
38,0.715,0.5409999847412109,Farès Chaïbi,RightFoot,MissedShots,Union Berlin,Eintracht Frankfurt,,0.012207979336380959
55,0.965999984741211,0.32799999237060545,Oscar Højlund,RightFoot,MissedShots,Union Berlin,Eintracht Frankfurt,Arnaud Kalimuendo Muinga,0.21639429032802582
82,0.845,0.49,Nathaniel Brown,LeftFoot,Goal,Union Berlin,Eintracht Frankfurt,Mahmoud Dahoud,0.06821051985025406
3,0.8690000152587891,0.37900001525878907,Arnaud Kalimuendo Muinga,RightFoot,SavedShot,Eintracht Frankfurt,Borussia M.Gladbach,Ritsu Doan,0.2868584096431732
23,0.8830000305175781,0.590999984741211,Nathaniel Brown,RightFoot,Goal,Eintracht Frankfurt,Borussia M.Gladbach,Jean Négoce,0.10298894345760345
33,0.845,0.2510000038146973,Ayoube Amaimouni-Echghouyab,LeftFoot,Goal,Eintracht Frankfurt,Borussia M.Gladbach,Jean Négoce,0.03254934400320053
49,0.795,0.545,Hugo Larsson,RightFoot,SavedShot,Eintracht Frankfurt,Borussia M.Gladbach,Jean Négoce,0.05345574766397476
49,0.9490000152587891,0.5,Aurèle Amenda,Head,SavedShot,Eintracht Frankfurt,Borussia M.Gladbach,Hugo Larsson,0.413394957780838
60,0.8090000152587891,0.6759999847412109,Jean Négoce,RightFoot,BlockedShot,Eintracht Frankfurt,Borussia M.Gladbach,Mario Götze,0.04554353654384613
66,0.8090000152587891,0.5320000076293945,Ayoube Amaimouni-Echghouyab,LeftFoot,SavedShot,Eintracht Frankfurt,Borussia M.Gladbach,Ritsu Doan,0.07609927654266357
74,0.8869999694824219,0.4490000152587891,Ansgar Knauff,RightFoot,Goal,Eintracht Frankfurt,Borussia M.Gladbach,,0.4617188572883606
76,0.899000015258789,0.44799999237060545,Ansgar Knauff,RightFoot,SavedShot,Eintracht Frankfurt,Borussia M.Gladbach,Jean Négoce,0.3709750175476074
81,0.8369999694824218,0.624000015258789,Mahmoud Dahoud,RightFoot,MissedShots,Eintracht Frankfurt,Borussia M.Gladbach,Jean Négoce,0.08300665020942688
88,0.779000015258789,0.63,Nathaniel Brown,LeftFoot,BlockedShot,Eintracht Frankfurt,Borussia M.Gladbach,Mahmoud Dahoud,0.03693057969212532
91,0.7759999847412109,0.3240000152587891,Ritsu Doan,LeftFoot,SavedShot,Eintracht Frankfurt,Borussia M.Gladbach,,0.023838235065340996
38,0.865999984741211,0.644000015258789,Jean Négoce,LeftFoot,SavedShot,Bayern Munich,Eintracht Frankfurt,Hugo Larsson,0.0398322269320488
39,0.82,0.7140000152587891,Ayoube Amaimouni-Echghouyab,RightFoot,BlockedShot,Bayern Munich,Eintracht Frankfurt,Nathaniel Brown,0.025187041610479355
46,0.9030000305175782,0.44,Mahmoud Dahoud,Head,MissedShots,Bayern Munich,Eintracht Frankfurt,Ritsu Doan,0.08055125176906586
61,0.9580000305175781,0.495,Jonathan Burkardt,RightFoot,ShotOnPost,Bayern Munich,Eintracht Frankfurt,Mario Götze,0.6648205518722534
61,0.9290000152587891,0.6559999847412109,Nathaniel Brown,LeftFoot,MissedShots,Bayern Munich,Eintracht Frankfurt,Jean Négoce,0.07282032817602158
76,0.885,0.5,Jonathan Burkardt,RightFoot,Goal,Bayern Munich,Eintracht Frankfurt,,0.75777667760849
80,0.8030000305175782,0.5029999923706054,Arnaud Kalimuendo Muinga,LeftFoot,MissedShots,Bayern Munich,Eintracht Frankfurt,Hugo Larsson,0.05371325835585594
85,0.9309999847412109,0.4809999847412109,Arnaud Kalimuendo Muinga,LeftFoot,Goal,Bayern Munich,Eintracht Frankfurt,,0.5274137854576111
94,0.9309999847412109,0.6120000076293945,Mario Götze,RightFoot,MissedShots,Bayern Munich,Eintracht Frankfurt,Nathaniel Brown,0.07046488672494888
11,0.9169999694824219,0.5,Robin Koch,Head,BlockedShot,Eintracht Frankfurt,Freiburg,Nathaniel Brown,0.04628952592611313
23,0.759000015258789,0.34900001525878904,Nathaniel Brown,LeftFoot,SavedShot,Eintracht Frankfurt,Freiburg,Arnaud Kalimuendo Muinga,0.017512524500489235
23,0.9540000152587891,0.5359999847412109,Jonathan Burkardt,RightFoot,SavedShot,Eintracht Frankfurt,Freiburg,,0.636366069316864
28,0.9009999847412109,0.3559999847412109,Arnaud Kalimuendo Muinga,LeftFoot,SavedShot,Eintracht Frankfurt,Freiburg,Mario Götze,0.28353217244148254
48,0.8980000305175782,0.28399999618530275,Jean Négoce,LeftFoot,BlockedShot,Eintracht Frankfurt,Freiburg,Aurèle Amenda,0.03566601872444153
53,0.8080000305175781,0.29700000762939455,Arnaud Kalimuendo Muinga,LeftFoot,BlockedShot,Eintracht Frankfurt,Freiburg,Mario Götze,0.02719203010201454
58,0.8419999694824218,0.5,Mario Götze,LeftFoot,BlockedShot,Eintracht Frankfurt,Freiburg,Arnaud Kalimuendo Muinga,0.08970287442207336
63,0.87,0.65,Farès Chaïbi,LeftFoot,Goal,Eintracht Frankfurt,Freiburg,Nnamdi Collins,0.058382298797369
69,0.7619999694824219,0.4779999923706055,Nathaniel Brown,LeftFoot,MissedShots,Eintracht Frankfurt,Freiburg,Arnaud Kalimuendo Muinga,0.029170988127589226
73,0.870999984741211,0.43200000762939456,Arnaud Kalimuendo Muinga,LeftFoot,BlockedShot,Eintracht Frankfurt,Freiburg,Farès Chaïbi,0.11868839710950851
80,0.8909999847412109,0.6840000152587891,Jean Négoce,LeftFoot,Goal,Eintracht Frankfurt,Freiburg,Farès Chaïbi,0.0718100517988205
83,0.9590000152587891,0.3089999961853027,Ayoube Amaimouni-Echghouyab,RightFoot,MissedShots,Eintracht Frankfurt,Freiburg,Ritsu Doan,0.04734617844223976
87,0.85,0.47200000762939454,Arnaud Kalimuendo Muinga,RightFoot,SavedShot,Eintracht Frankfurt,Freiburg,Jean Négoce,0.11862289160490036
87,0.879000015258789,0.63,Jean Négoce,Head,SavedShot,Eintracht Frankfurt,Freiburg,Aurèle Amenda,0.026913238689303398
93,0.8680000305175781,0.705,Jean Négoce,RightFoot,BlockedShot,Eintracht Frankfurt,Freiburg,Ritsu Doan,0.07489766925573349
2,0.92,0.56,Jonathan Burkardt,RightFoot,BlockedShot,St. Pauli,Eintracht Frankfurt,,0.1105857715010643
3,0.755,0.29700000762939455,Farès Chaïbi,RightFoot,BlockedShot,St. Pauli,Eintracht Frankfurt,,0.013134172186255455
45,0.8569999694824219,0.7019999694824218,Jean Négoce,RightFoot,SavedShot,St. Pauli,Eintracht Frankfurt,Oscar Højlund,0.05837702378630638
59,0.899000015258789,0.7080000305175781,Jean Négoce,RightFoot,BlockedShot,St. Pauli,Eintracht Frankfurt,Oscar Højlund,0.04379862919449806
64,0.789000015258789,0.3270000076293945,Farès Chaïbi,RightFoot,MissedShots,St. Pauli,Eintracht Frankfurt,,0.07323071360588074
83,0.8640000152587891,0.4590000152587891,Jonathan Burkardt,Head,SavedShot,St. Pauli,Eintracht Frankfurt,Farès Chaïbi,0.03734895959496498
90,0.89,0.655,Jean Négoce,RightFoot,BlockedShot,St. Pauli,Eintracht Frankfurt,,0.06022157520055771
93,0.915,0.46599998474121096,Aurèle Amenda,Head,MissedShots,St. Pauli,Eintracht Frankfurt,Jean Négoce,0.05483973026275635
12,0.870999984741211,0.32299999237060545,Hugo Larsson,RightFoot,SavedShot,Eintracht Frankfurt,FC Heidenheim,Arnaud Kalimuendo Muinga,0.053834881633520126
42,0.894000015258789,0.685,Jean Négoce,Head,BlockedShot,Eintracht Frankfurt,FC Heidenheim,Ayoube Amaimouni-Echghouyab,0.01081735547631979
43,0.7190000152587891,0.49700000762939456,Jean Négoce,RightFoot,BlockedShot,Eintracht Frankfurt,FC Heidenheim,,0.012588657438755035
43,0.8090000152587891,0.5129999923706055,Jean Négoce,RightFoot,BlockedShot,Eintracht Frankfurt,FC Heidenheim,,0.07198724895715714
48,0.8580000305175781,0.37,Ritsu Doan,RightFoot,MissedShots,Eintracht Frankfurt,FC Heidenheim,Jean Négoce,0.07182852178812027
49,0.9059999847412109,0.5820000076293945,Ritsu Doan,LeftFoot,MissedShots,Eintracht Frankfurt,FC Heidenheim,,0.08533453941345215
52,0.9290000152587891,0.5120000076293946,Arnaud Kalimuendo Muinga,RightFoot,Goal,Eintracht Frankfurt,FC Heidenheim,Robin Koch,0.08595699071884155
59,0.9159999847412109,0.5529999923706055,Farès Chaïbi,Head,SavedShot,Eintracht Frankfurt,FC Heidenheim,Ritsu Doan,0.07889458537101746
71,0.9340000152587891,0.5529999923706055,Robin Koch,RightFoot,MissedShots,Eintracht Frankfurt,FC Heidenheim,Farès Chaïbi,0.0920599177479744
74,0.93,0.3390000152587891,Ritsu Doan,RightFoot,MissedShots,Eintracht Frankfurt,FC Heidenheim,Jean Négoce,0.0894763246178627
78,0.9219999694824219,0.29200000762939454,Ayoube Amaimouni-Echghouyab,RightFoot,SavedShot,Eintracht Frankfurt,FC Heidenheim,Arnaud Kalimuendo Muinga,0.059392232447862625
78,0.710999984741211,0.35,Farès Chaïbi,RightFoot,MissedShots,Eintracht Frankfurt,FC Heidenheim,,0.012987720780074596
10,0.8530000305175781,0.5820000076293945,Farès Chaïbi,RightFoot,BlockedShot,Mainz 05,Eintracht Frankfurt,Jean Négoce,0.07273782044649124
18,0.889000015258789,0.529000015258789,Jonathan Burkardt,RightFoot,BlockedShot,Mainz 05,Eintracht Frankfurt,Ritsu Doan,0.07790400087833405
19,0.9069999694824219,0.534000015258789,Nathaniel Brown,RightFoot,Goal,Mainz 05,Eintracht Frankfurt,Jean Négoce,0.45927169919013977
23,0.779000015258789,0.7030000305175781,Farès Chaïbi,RightFoot,BlockedShot,Mainz 05,Eintracht Frankfurt,Jean Négoce,0.017010146751999855
42,0.8959999847412109,0.5520000076293945,Arthur Theate,Head,SavedShot,Mainz 05,Eintracht Frankfurt,Farès Chaïbi,0.0502256341278553
45,0.9269999694824219,0.534000015258789,Nnamdi Collins,Head,MissedShots,Mainz 05,Eintracht Frankfurt,Farès Chaïbi,0.3563423454761505
50,0.85,0.5729999923706055,Arnaud Kalimuendo Muinga,RightFoot,SavedShot,Mainz 05,Eintracht Frankfurt,Jean Négoce,0.0858750194311142
60,0.9269999694824219,0.509000015258789,Farès Chaïbi,Head,ShotOnPost,Mainz 05,Eintracht Frankfurt,Ritsu Doan,0.4288034439086914
65,0.7719999694824219,0.5740000152587891,Jonathan Burkardt,RightFoot,MissedShots,Mainz 05,Eintracht Frankfurt,Hugo Larsson,0.029075786471366882
67,0.9180000305175782,0.715,Ayoube Amaimouni-Echghouyab,LeftFoot,MissedShots,Mainz 05,Eintracht Frankfurt,Hugo Larsson,0.04398452490568161
69,0.855999984741211,0.40599998474121096,Ritsu Doan,LeftFoot,SavedShot,Mainz 05,Eintracht Frankfurt,Jonathan Burkardt,0.07334224879741669
95,0.8109999847412109,0.7419999694824219,Ansgar Knauff,RightFoot,BlockedShot,Mainz 05,Eintracht Frankfurt,Elias Baum,0.02290719375014305
5,0.8780000305175781,0.5329999923706055,Jonathan Burkardt,Head,MissedShots,Eintracht Frankfurt,FC Cologne,Arnaud Kalimuendo Muinga,0.05872569978237152
15,0.8159999847412109,0.519000015258789,Hugo Larsson,LeftFoot,BlockedShot,Eintracht Frankfurt,FC Cologne,Arnaud Kalimuendo Muinga,0.0599399209022522
15,0.7809999847412109,0.4229999923706055,Ritsu Doan,LeftFoot,SavedShot,Eintracht Frankfurt,FC Cologne,,0.024672988802194595
23,0.9,0.3120000076293945,Ansgar Knauff,RightFoot,MissedShots,Eintracht Frankfurt,FC Cologne,Hugo Larsson,0.057980168610811234
33,0.9109999847412109,0.644000015258789,Arnaud Kalimuendo Muinga,LeftFoot,SavedShot,Eintracht Frankfurt,FC Cologne,Oscar Højlund,0.369671493768692
42,0.784000015258789,0.53,Jonathan Burkardt,RightFoot,BlockedShot,Eintracht Frankfurt,FC Cologne,,0.10514776408672333
43,0.904000015258789,0.620999984741211,Arthur Theate,LeftFoot,SavedShot,Eintracht Frankfurt,FC Cologne,Aurèle Amenda,0.07183735817670822
48,0.905,0.39799999237060546,Hugo Larsson,RightFoot,MissedShots,Eintracht Frankfurt,FC Cologne,Robin Koch,0.06916717439889908
54,0.815,0.5209999847412109,Ansgar Knauff,RightFoot,BlockedShot,Eintracht Frankfurt,FC Cologne,Hugo Larsson,0.061589837074279785
58,0.8780000305175781,0.4,Arthur Theate,Head,SavedShot,Eintracht Frankfurt,FC Cologne,Ritsu Doan,0.022901369258761406
59,0.960999984741211,0.40799999237060547,Arthur Theate,Head,MissedShots,Eintracht Frankfurt,FC Cologne,Farès Chaïbi,0.21908017992973328
61,0.8069999694824219,0.5820000076293945,Farès Chaïbi,RightFoot,BlockedShot,Eintracht Frankfurt,FC Cologne,Arnaud Kalimuendo Muinga,0.04664799943566322
63,0.754000015258789,0.3940000152587891,Ayoube Amaimouni-Echghouyab,LeftFoot,SavedShot,Eintracht Frankfurt,FC Cologne,Farès Chaïbi,0.014897375367581844
65,0.955999984741211,0.5259999847412109,Jonathan Burkardt,RightFoot,Goal,Eintracht Frankfurt,FC Cologne,Farès Chaïbi,0.6487533450126648
68,0.88,0.5259999847412109,Arnaud Kalimuendo Muinga,RightFoot,Goal,Eintracht Frankfurt,FC Cologne,,0.13578888773918152
80,0.695,0.34799999237060547,Aurèle Amenda,RightFoot,MissedShots,Eintracht Frankfurt,FC Cologne,Arnaud Kalimuendo Muinga,0.014639554545283318
87,0.9440000152587891,0.5509999847412109,Arnaud Kalimuendo Muinga,Head,BlockedShot,Eintracht Frankfurt,FC Cologne,Farès Chaïbi,0.05542466416954994
88,0.9480000305175781,0.47900001525878905,Younes Ebnoutalib,Head,MissedShots,Eintracht Frankfurt,FC Cologne,Farès Chaïbi,0.07947392016649246
93,0.87,0.4490000152587891,Aurèle Amenda,Head,MissedShots,Eintracht Frankfurt,FC Cologne,Arnaud Kalimuendo Muinga,0.021921982988715172
97,0.89,0.5059999847412109,Arthur Theate,Head,MissedShots,Eintracht Frankfurt,FC Cologne,,0.033195436000823975
11,0.924000015258789,0.6370000076293946,Arnaud Kalimuendo Muinga,RightFoot,SavedShot,Wolfsburg,Eintracht Frankfurt,Oscar Højlund,0.34235575795173645
20,0.785,0.4470000076293945,Oscar Højlund,RightFoot,Goal,Wolfsburg,Eintracht Frankfurt,Ayoube Amaimouni-Echghouyab,0.036537278443574905
31,0.9230000305175782,0.37599998474121094,Jonathan Burkardt,RightFoot,SavedShot,Wolfsburg,Eintracht Frankfurt,Farès Chaïbi,0.27985477447509766
31,0.9230000305175782,0.45799999237060546,Arnaud Kalimuendo Muinga,RightFoot,Goal,Wolfsburg,Eintracht Frankfurt,,0.5350584387779236
39,0.7959999847412109,0.37400001525878906,Farès Chaïbi,RightFoot,BlockedShot,Wolfsburg,Eintracht Frankfurt,Hugo Larsson,0.06729040294885635
72,0.7230000305175781,0.63,Arthur Theate,LeftFoot,MissedShots,Wolfsburg,Eintracht Frankfurt,Nathaniel Brown,0.020106157287955284
75,0.8969999694824219,0.7630000305175781,Farès Chaïbi,RightFoot,BlockedShot,Wolfsburg,Eintracht Frankfurt,Arnaud Kalimuendo Muinga,0.03835010528564453
76,0.8090000152587891,0.5029999923706054,Ansgar Knauff,RightFoot,BlockedShot,Wolfsburg,Eintracht Frankfurt,,0.03731314837932587
89,0.8640000152587891,0.5509999847412109,Ellyes Skhiri,RightFoot,BlockedShot,Wolfsburg,Eintracht Frankfurt,Arnaud Kalimuendo Muinga,0.12694640457630157
89,0.8480000305175781,0.555,Ellyes Skhiri,RightFoot,BlockedShot,Wolfsburg,Eintracht Frankfurt,,0.06055222451686859
